letter	frequency
MDC2	5.96885721169434
PDC	5.59279350989207
MDC1	5.70586884954638
BASOPHILS	8.64541443317488